Class,Age,p16540_C/C,p16540_G/C,p16540_G/G,p16580_C/C,p16580_C/T,p16580_T/T,mdm2_G/G,mdm2_G/T,mdm2_T/T,GAL3_A/A,GAL3_C/A,GAL3_C/C,TIM1_C/C,TIM1_G/C,TIM1_G/G
healthy,49,False,True,False,True,False,False,True,False,False,False,True,False,False,True,False
healthy,49,False,True,False,True,False,False,True,False,False,True,False,False,False,True,False
healthy,49,False,True,False,True,False,False,False,True,False,False,True,False,True,False,False
healthy,36,False,True,False,True,False,False,False,False,True,False,True,False,True,False,False
healthy,49,True,False,False,False,True,False,False,False,True,False,False,True,False,True,False
healthy,30,False,True,False,True,False,False,False,False,True,False,False,True,False,True,False
healthy,36,True,False,False,True,False,False,False,True,False,False,False,True,False,True,False
healthy,26,True,False,False,True,False,False,False,False,True,False,False,True,False,True,False
healthy,49,True,False,False,True,False,False,False,True,False,False,True,False,False,True,False
healthy,36,False,True,False,True,False,False,False,True,False,False,False,True,False,True,False
healthy,49,False,True,False,True,False,False,False,True,False,False,True,False,False,True,False
healthy,49,False,True,False,True,False,False,False,True,False,False,False,True,True,False,False
healthy,35,True,False,False,True,False,False,True,False,False,False,True,False,False,True,False
healthy,37,True,False,False,True,False,False,False,True,False,False,True,False,False,True,False
healthy,27,True,False,False,True,False,False,False,True,False,False,False,True,False,True,False
healthy,31,True,False,False,True,False,False,False,True,False,False,True,False,False,True,False
healthy,29,True,False,False,True,False,False,True,False,False,True,False,False,False,True,False
healthy,29,False,True,False,True,False,False,False,False,True,False,True,False,False,False,True
healthy,36,True,False,False,True,False,False,False,True,False,False,False,True,False,True,False
healthy,41,False,True,False,True,False,False,False,True,False,False,True,False,False,False,True
healthy,32,False,True,False,True,False,False,False,True,False,False,False,True,False,True,False
healthy,26,True,False,False,True,False,False,True,False,False,False,False,True,False,True,False
healthy,41,True,False,False,True,False,False,False,True,False,False,False,True,False,True,False
healthy,40,False,True,False,False,True,False,False,True,False,False,True,False,True,False,False
healthy,29,False,True,False,True,False,False,False,True,False,False,True,False,False,True,False
healthy,30,True,False,False,True,False,False,False,False,True,False,True,False,False,True,False
healthy,37,False,True,False,True,False,False,False,True,False,False,True,False,False,False,True
healthy,29,False,True,False,True,False,False,False,False,True,False,True,False,False,True,False
healthy,36,True,False,False,True,False,False,True,False,False,False,False,True,False,True,False
healthy,28,False,True,False,True,False,False,False,False,True,False,True,False,False,False,True
healthy,35,True,False,False,True,False,False,True,False,False,False,True,False,False,True,False
healthy,35,True,False,False,True,False,False,False,True,False,True,False,False,True,False,False
healthy,37,False,True,False,True,False,False,True,False,False,True,False,False,False,False,True
healthy,34,False,True,False,True,False,False,False,False,True,False,True,False,True,False,False
healthy,37,False,True,False,False,True,False,False,True,False,True,False,False,False,False,True
healthy,36,True,False,False,True,False,False,False,True,False,False,False,True,False,True,False
healthy,26,True,False,False,True,False,False,False,True,False,False,True,False,True,False,False
healthy,43,True,False,False,False,True,False,False,False,True,False,False,True,False,True,False
healthy,45,True,False,False,True,False,False,False,True,False,False,True,False,False,True,False
healthy,28,True,False,False,True,False,False,False,True,False,False,True,False,True,False,False
healthy,30,True,False,False,True,False,False,True,False,False,True,False,False,False,False,True
healthy,39,True,False,False,True,False,False,False,True,False,False,True,False,False,True,False
healthy,33,True,False,False,False,True,False,True,False,False,False,True,False,True,False,False
healthy,28,False,True,False,True,False,False,False,False,True,False,False,True,True,False,False
healthy,27,True,False,False,True,False,False,False,False,True,False,False,True,False,True,False
healthy,27,False,True,False,False,True,False,False,False,True,False,False,True,False,False,True
healthy,38,True,False,False,True,False,False,True,False,False,False,False,True,False,True,False
healthy,37,False,True,False,True,False,False,False,True,False,False,True,False,False,True,False
healthy,72,False,False,True,True,False,False,False,False,True,False,True,False,True,False,False
healthy,78,False,True,False,True,False,False,False,True,False,False,False,True,True,False,False
diagnosed,49,True,False,False,True,False,False,False,True,False,False,False,True,False,False,True
diagnosed,49,False,True,False,True,False,False,True,False,False,False,False,True,False,True,False
diagnosed,49,True,False,False,False,True,False,False,True,False,False,False,True,False,False,True
diagnosed,49,True,False,False,True,False,False,False,False,True,False,False,True,False,True,False
diagnosed,49,True,False,False,True,False,False,False,True,False,False,False,True,True,False,False
diagnosed,49,False,False,True,True,False,False,False,True,False,False,False,True,False,True,False
diagnosed,49,True,False,False,False,True,False,False,True,False,False,True,False,False,True,False
diagnosed,65,True,False,False,False,False,True,False,False,True,False,True,False,False,True,False
diagnosed,49,True,False,False,True,False,False,False,True,False,False,True,False,True,False,False
diagnosed,49,True,False,False,True,False,False,False,True,False,False,True,False,False,False,True
diagnosed,58,True,False,False,False,True,False,False,True,False,False,True,False,False,True,False
diagnosed,67,True,False,False,True,False,False,False,True,False,False,False,True,True,False,False
diagnosed,55,True,False,False,True,False,False,False,True,False,True,False,False,False,True,False
diagnosed,67,False,True,False,True,False,False,False,True,False,False,False,True,False,True,False
diagnosed,70,True,False,False,True,False,False,False,True,False,False,True,False,True,False,False
diagnosed,48,False,True,False,True,False,False,False,False,True,False,False,True,True,False,False
diagnosed,67,True,False,False,True,False,False,False,True,False,False,False,True,False,True,False
diagnosed,60,True,False,False,False,True,False,False,False,True,False,False,True,False,True,False
diagnosed,37,True,False,False,True,False,False,False,False,True,False,False,True,False,True,False
diagnosed,59,False,True,False,True,False,False,False,True,False,False,False,True,False,True,False
diagnosed,64,False,True,False,True,False,False,False,True,False,False,True,False,False,True,False
diagnosed,53,True,False,False,True,False,False,False,True,False,False,True,False,False,False,True
diagnosed,35,False,True,False,True,False,False,False,False,True,False,True,False,True,False,False
diagnosed,52,True,False,False,True,False,False,False,True,False,False,True,False,False,False,True
diagnosed,60,False,True,False,False,True,False,False,True,False,False,True,False,False,True,False
diagnosed,69,False,True,False,True,False,False,True,False,False,False,False,True,False,False,True
diagnosed,63,True,False,False,False,True,False,True,False,False,False,False,True,False,False,True
diagnosed,83,True,False,False,True,False,False,False,True,False,False,False,True,True,False,False
diagnosed,69,True,False,False,False,True,False,True,False,False,False,True,False,False,True,False
diagnosed,46,False,False,True,True,False,False,False,True,False,False,True,False,True,False,False
diagnosed,49,False,True,False,True,False,False,False,False,True,True,False,False,True,False,False
diagnosed,57,True,False,False,False,True,False,True,False,False,False,False,True,True,False,False
diagnosed,24,False,True,False,False,True,False,False,True,False,False,False,True,False,True,False
diagnosed,79,False,True,False,True,False,False,False,True,False,False,True,False,True,False,False
diagnosed,49,True,False,False,True,False,False,False,True,False,True,False,False,False,True,False
diagnosed,47,False,True,False,False,False,True,False,True,False,False,False,True,True,False,False
diagnosed,65,True,False,False,True,False,False,False,False,True,False,True,False,True,False,False
diagnosed,76,False,True,False,True,False,False,False,True,False,False,True,False,False,True,False
diagnosed,70,False,True,False,False,True,False,False,True,False,False,True,False,False,False,True
diagnosed,72,True,False,False,True,False,False,False,True,False,False,False,True,False,True,False
diagnosed,52,True,False,False,True,False,False,False,True,False,False,False,True,True,False,False
diagnosed,67,True,False,False,False,True,False,False,True,False,False,True,False,True,False,False
diagnosed,52,True,False,False,True,False,False,True,False,False,False,False,True,False,True,False
diagnosed,79,True,False,False,True,False,False,True,False,False,False,True,False,False,True,False
diagnosed,67,True,False,False,True,False,False,True,False,False,False,False,True,True,False,False
diagnosed,75,True,False,False,True,False,False,False,False,True,False,False,True,False,False,True
diagnosed,58,True,False,False,False,True,False,False,True,False,False,True,False,False,True,False
diagnosed,52,True,False,False,True,False,False,False,True,False,False,False,True,False,True,False
diagnosed,49,True,False,False,True,False,False,False,True,False,False,True,False,True,False,False
diagnosed,35,True,False,False,True,False,False,False,True,False,False,False,True,False,True,False
diagnosed,59,True,False,False,False,False,True,True,False,False,False,True,False,True,False,False
diagnosed,80,False,True,False,True,False,False,False,False,True,False,False,True,False,True,False
diagnosed,65,False,True,False,True,False,False,False,True,False,False,False,True,False,True,False
diagnosed,57,True,False,False,True,False,False,True,False,False,False,False,True,False,False,True
diagnosed,80,False,True,False,True,False,False,False,True,False,False,False,True,True,False,False
diagnosed,67,False,True,False,True,False,False,False,True,False,False,False,True,False,True,False
diagnosed,67,True,False,False,True,False,False,False,True,False,False,True,False,False,False,True
diagnosed,79,True,False,False,True,False,False,False,True,False,False,False,True,True,False,False
diagnosed,39,True,False,False,True,False,False,False,True,False,False,True,False,True,False,False
diagnosed,23,True,False,False,True,False,False,False,True,False,False,False,True,False,True,False
diagnosed,81,False,True,False,True,False,False,False,False,True,False,False,True,False,False,True
diagnosed,73,True,False,False,True,False,False,False,False,True,False,False,True,False,False,True
diagnosed,56,True,False,False,True,False,False,False,True,False,False,False,True,False,True,False
diagnosed,74,False,True,False,False,True,False,True,False,False,False,False,True,False,False,True
diagnosed,37,False,True,False,False,True,False,False,False,True,False,False,True,False,True,False
